{
  "trajectory_length": 5,
  "total_frames": 6,
  "num_trajectories": 128,
  "sequential_starts": true,
  "align_compare_predictions": true,
  "compare_num_samples": 100,
  "batch_size": 32,
  "plot_mse_y_major_step": 0.1,
  "plot_cosine_y_major_step": 0.004,
  "plot_y_min_major_ticks": 5,
  "time_step": [
    1,
    2,
    3,
    4,
    5
  ],
  "teacher_forcing": {
    "mse": [
      0.1504792533814907,
      0.15057025849819183,
      0.15032216906547546,
      0.1500435173511505,
      0.15013685822486877
    ],
    "cosine_similarity": [
      0.9967940598726273,
      0.9967918395996094,
      0.9967972040176392,
      0.9968030452728271,
      0.9968010187149048
    ]
  },
  "autoregressive": {
    "mse": [
      0.1504792533814907,
      0.17258433997631073,
      0.18427498638629913,
      0.20333673059940338,
      0.23365767300128937
    ],
    "cosine_similarity": [
      0.9967940598726273,
      0.9963198900222778,
      0.9960691928863525,
      0.9956597089767456,
      0.9950082302093506
    ]
  }
}