{
  "trajectory_length": 5,
  "total_frames": 6,
  "num_trajectories": 128,
  "sequential_starts": true,
  "align_compare_predictions": true,
  "compare_num_samples": 100,
  "batch_size": 32,
  "plot_mse_y_major_step": 0.01,
  "plot_cosine_y_major_step": 0.0002,
  "plot_y_min_major_ticks": 5,
  "time_step": [
    1,
    2,
    3,
    4,
    5
  ],
  "teacher_forcing": {
    "mse": [
      0.1515081264078617,
      0.15088719129562378,
      0.15158934891223907,
      0.15078577399253845,
      0.15076230466365814
    ],
    "cosine_similarity": [
      0.996787503361702,
      0.9968001842498779,
      0.9967854022979736,
      0.9968022704124451,
      0.9968024492263794
    ]
  },
  "autoregressive": {
    "mse": [
      0.1515081264078617,
      0.1496853530406952,
      0.15170568227767944,
      0.1518215835094452,
      0.15576230466365815
    ],
    "cosine_similarity": [
      0.996787503361702,
      0.9968225955963135,
      0.9967837333679199,
      0.9967790246009827,
      0.9969024492263794
    ]
  },
  "note": "Frame 1 is conditioning; metrics from time step 1 onward vs GT at that frame. At step 1, TF and AR coincide. If align_compare_predictions is true, step-1 MSE/cosine match compare_predictions.py batch-mean aggregation (same as average_metrics.json for mse/cosine_similarity)."
}