{
  "trajectory_length": 5,
  "total_frames": 6,
  "num_trajectories": 128,
  "sequential_starts": true,
  "align_compare_predictions": true,
  "compare_num_samples": 100,
  "batch_size": 32,
  "plot_mse_y_major_step": 0.1,
  "plot_cosine_y_major_step": 0.004,
  "plot_y_min_major_ticks": 5,
  "time_step": [
    1,
    2,
    3,
    4,
    5
  ],
  "teacher_forcing": {
    "mse": [
      0.7539449334144592,
      0.7575572729110718,
      0.756671130657196,
      0.7615799307823181,
      0.7590855360031128
    ],
    "cosine_similarity": [
      0.9838244616985321,
      0.9837432503700256,
      0.9837608337402344,
      0.9836511611938477,
      0.9837034940719604
    ]
  },
  "autoregressive": {
    "mse": [
      0.7539449334144592,
      0.8042948842048645,
      0.8185113072395325,
      0.8362342715263367,
      0.9208465814590454
    ],
    "cosine_similarity": [
      0.9838244616985321,
      0.9827558994293213,
      0.9824308156967163,
      0.982028603553772,
      0.9801982641220093
    ]
  }
}